AverageDraftPosition,Name,Position,Team,ByeWeek,ProjectedPoints,Age,PlayerId
1,Adrian Peterson,RB,MIN,5,242.8819,30,2507164
2,Jamaal Charles,RB,KC,9,238.9722,28,925
3,Eddie Lacy,RB,GB,7,237.4907,24,2540168
4,Antonio Brown,WR,PIT,11,228.6457,26,2508061
5,Demaryius Thomas,WR,DEN,7,227.9539,27,497328
6,Odell Beckham,WR,NYG,11,225.4401,22,2543496
7,Marshawn Lynch,RB,SEA,9,232.2579,29,2495663
8,Arian Foster,RB,HOU,9,230.9449,28,79555
9,LeVeon Bell,RB,PIT,11,228.7903,22,2540175
10,Dez Bryant,WR,DAL,6,218.6214,26,497278
11,C.J. Anderson,RB,DEN,7,225.0144,24,2540269
12,Matt Forte,RB,CHI,7,224.337,29,234
13,Rob Gronkowski,TE,NE,4,193.8963,26,497240
14,Andrew Luck,QB,IND,10,336.4458,25,2533031
15,Aaron Rodgers,QB,GB,7,335.861,31,2506363
16,Jordy Nelson,WR,GB,7,207.9772,30,1032
17,Julio Jones,WR,ATL,10,207.4931,26,2495454
18,DeMarco Murray,RB,PHI,8,215.404,27,2495207
19,Calvin Johnson,WR,DET,9,205.0236,29,2495647
20,Randall Cobb,WR,GB,7,194.8945,24,2495448
21,Jeremy Hill,RB,CIN,7,202.1664,22,2543603
22,LeSean McCoy,RB,BUF,8,198.3461,26,79607
23,A.J. Green,WR,CIN,7,188.8318,26,2495450
24,T.Y. Hilton,WR,IND,10,185.2649,25,2532865
25,Alshon Jeffery,WR,CHI,7,183.6426,25,2533039
26,Justin Forsett,RB,BAL,9,187.8005,29,927
27,Mark Ingram,RB,NO,11,186.7985,25,2495466
28,Russell Wilson,QB,SEA,9,303.9309,26,2532975
29,Mike Evans,WR,TB,6,174.9564,21,2543468
30,Emmanuel Sanders,WR,DEN,7,172.4184,28,497322
31,Alfred Morris,RB,WAS,8,181.0205,26,2533457
32,DeAndre Hopkins,WR,HOU,9,168.8021,23,2540165
33,Lamar Miller,RB,MIA,5,174.2898,24,2533034
34,Jordan Matthews,WR,PHI,8,164.0224,22,2543500
35,Peyton Manning,QB,DEN,7,290.457,39,2501863
36,Carlos Hyde,RB,SF,10,170.2231,23,2543743
37,Kelvin Benjamin,WR,CAR,5,160.5276,24,2543471
38,DeSean Jackson,WR,WAS,8,157.7936,28,1581
39,Melvin Gordon,RB,SD,10,166.0529,22,2552469
40,Frank Gore,RB,IND,10,165.3223,32,2506404
41,Brandin Cooks,WR,NO,11,154.8789,21,2543498
42,Jimmy Graham,TE,SEA,9,138.6059,28,497236
43,Matt Ryan,QB,ATL,10,281.1908,30,310
44,Drew Brees,QB,NO,11,280.6834,36,2504775
45,Ben Roethlisberger,QB,PIT,11,280.1535,33,2506109
46,Jonathan Stewart,RB,CAR,5,157.3299,28,949
47,Golden Tate,WR,DET,9,148.0112,26,497326
48,Andre Ellington,RB,ARI,9,155.754,26,2539217
49,Julian Edelman,WR,NE,4,144.9584,29,238498
50,LeGarrette Blount,RB,NE,4,153.1112,28,497149
51,Greg Olsen,TE,CAR,5,128.1699,30,2495700
52,Cam Newton,QB,CAR,5,271.0388,26,2495455
53,Sammy Watkins,WR,BUF,8,142.8347,22,2543457
54,Keenan Allen,WR,SD,10,142.0194,23,2540154
55,Joique Bell,RB,DET,9,150.3415,28,497145
56,Brandon Marshall,WR,NYJ,5,141.1376,31,2495893
57,Amari Cooper,WR,OAK,6,140.5176,21,2552487
58,Latavius Murray,RB,OAK,6,148.7559,24,2541161
59,T.J. Yeldon,RB,JAC,8,148.6284,21,2552471
60,Travis Kelce,TE,KC,9,124.4577,25,2540258
61,Leon Washington,RB,TEN,4,148.4,32,2495967
62,Joseph Randle,RB,DAL,6,147.1628,23,2540171
63,Tevin Coleman,RB,ATL,10,147.0324,22,2552453
64,Tony Romo,QB,DAL,6,264.9628,35,2505354
65,Andre Johnson,WR,IND,10,135.3107,33,2505551
66,Jeremy Maclin,WR,KC,9,134.8719,27,80429
67,Brandon LaFell,WR,NE,4,133.6564,28,497302
68,Vincent Jackson,WR,TB,6,132.6853,32,2506400
69,Torrey Smith,WR,SF,10,130.1263,26,2495459
70,Todd Gurley,RB,STL,6,138.7366,20,2552475
71,Martavis Bryant,WR,PIT,11,129.6971,23,2543572
72,Ryan Tannehill,QB,MIA,5,257.468,26,2532956
73,Martellus Bennett,TE,CHI,7,114.2577,28,1062
74,Antonio Gates,TE,SD,10,114.1173,35,2505299
75,Michael Floyd,WR,ARI,9,128.8661,25,2532841
76,Giovani Bernard,RB,CIN,7,136.4739,23,2540156
77,Jarvis Landry,WR,MIA,5,127.2666,22,2543488
78,Roddy White,WR,ATL,10,127.2259,33,2506366
79,Mike Wallace,WR,MIN,5,125.8396,28,2507763
80,Eric Decker,WR,NYJ,5,125.5139,28,497284
81,Anquan Boldin,WR,SF,10,125.0737,34,2505587
82,Kevin White,WR,CHI,7,123.5108,22,2553432
83,Steve Smith,WR,BAL,9,122.1522,36,2504595
84,Rashad Jennings,RB,NYG,11,130.6406,30,71345
85,Chris Ivory,RB,NYJ,5,130.0856,27,2507999
86,Nelson Agholor,WR,PHI,8,121.2594,22,2552600
87,Isaiah Crowell,RB,CLE,11,129.9038,22,2550189
88,Larry Fitzgerald,WR,ARI,9,121.0262,31,2506106
89,Zach Ertz,TE,PHI,8,105.6398,24,2540158
90,Marques Colston,WR,NO,11,120.782,32,2495821
91,Matthew Stafford,QB,DET,9,248.4287,27,79860
92,Eli Manning,QB,NYG,11,248.2755,34,2505996
93,Jason Witten,TE,DAL,6,105.0586,33,2505629
94,Charles Johnson,WR,MIN,5,120.0783,26,2541147
95,Colin Kaepernick,QB,SF,10,247.7045,27,2495186
96,Delanie Walker,TE,TEN,4,104.4928,30,2495966
97,Philip Rivers,QB,SD,10,245.762,33,2506121
98,Seattle Seahawks,DEF,SEA,9,191.7264,-1,100030
99,Buffalo Bills,DEF,BUF,8,191.4238,-1,100003
100,Dwayne Allen,TE,IND,10,101.5533,25,2533046
101,Tom Brady,QB,NE,4,244.6131,37,2504211
102,Allen Robinson,WR,JAC,8,116.1309,21,2543509
103,Julius Thomas,TE,JAC,8,100.4972,27,2495353
104,Breshad Perriman,WR,BAL,9,113.7408,21,2552597
105,C.J. Spiller,RB,NO,11,121.9214,27,497204
106,Jordan Cameron,TE,MIA,5,97.4178,26,2495267
107,Josh Hill,TE,NO,11,96.6539,25,2541834
108,Houston Texans,DEF,HOU,9,185.9378,-1,100013
109,St. Louis Rams,DEF,STL,6,185.3149,-1,100017
110,Pierre Garcon,WR,WAS,8,109.9704,28,2346
111,Coby Fleener,TE,IND,10,94.552,26,2532838
112,Kendall Wright,WR,TEN,4,109.5638,25,2532977
113,Arizona Cardinals,DEF,ARI,9,182.6177,-1,100026
114,Joe Flacco,QB,BAL,9,236.0968,30,382
115,Kenny Stills,WR,MIA,5,107.779,23,2540202
116,Stephen Gostkowski,K,NE,4,159.1871,31,2506922
117,Terrance Williams,WR,DAL,6,105.4764,25,2539205
118,Malcom Floyd,WR,SD,10,105.4197,33,2505785
119,Charles Sims,RB,TB,6,113.595,24,2543770
120,Doug Baldwin,WR,SEA,9,104.707,26,2530747
121,John Brown,WR,ARI,9,104.1667,25,2543847
122,Teddy Bridgewater,QB,MIN,5,231.3253,22,2543465
123,Owen Daniels,TE,DEN,7,87.2552,32,2495825
124,Baltimore Ravens,DEF,BAL,9,176.6925,-1,100002
125,Detroit Lions,DEF,DET,9,175.7859,-1,100010
126,Heath Miller,TE,PIT,11,85.7614,32,2506369
127,Devonta Freeman,RB,ATL,10,109.6462,23,2543583
128,New England Patriots,DEF,NE,4,174.6038,-1,100021
129,Charles Clay,RB,BUF,8,84.861,26,2495139
130,Darren McFadden,RB,DAL,6,108.6759,27,284
131,Rueben Randle,WR,NYG,11,99.6335,24,2533533
132,Alex Smith,QB,KC,9,226.4257,31,2506340
133,Adam Vinatieri,K,IND,10,151.8823,42,2503471
134,Mason Crosby,K,GB,7,151.377,30,2507232
135,Shane Vereen,RB,NYG,11,106.58,26,2495473
136,Connor Barth,K,DEN,7,150.5916,29,2507463
137,Larry Donnell,TE,NYG,11,81.5022,26,2537933
138,Tyler Eifert,TE,CIN,7,80.332,24,2540148
139,Kansas City Chiefs,DEF,KC,9,169.5442,-1,100016
140,Ameer Abdullah,RB,DET,9,103.7233,22,2552374
141,Kyle Rudolph,TE,MIN,5,79.4368,25,2495438
142,Brian Quick,WR,STL,6,94.5234,26,2532933
143,Jared Cook,TE,STL,6,78.8926,28,71265
144,Justin Tucker,K,BAL,9,147.5672,25,2536340
145,Kenny Britt,WR,STL,6,93.955,26,71217
146,Cody Parkey,K,PHI,8,147.531,23,2550380
147,Dwayne Bowe,WR,CLE,11,93.356,30,2495558
148,Jay Cutler,QB,CHI,7,220.9276,32,2495824
149,Dan Bailey,K,DAL,6,146.0917,27,2495259
150,Steven Hauschka,K,SEA,9,145.7355,30,2507374
151,Percy Harvin,WR,BUF,8,91.3737,27,80425
152,Vernon Davis,TE,SF,10,75.7878,31,2495826
153,Jordan Reed,TE,WAS,8,75.4721,24,2540160
154,DeVante Parker,WR,MIA,5,90.3203,22,2552409
155,Maxx Williams,TE,BAL,9,74.9343,21,2552468
156,Carson Palmer,QB,ARI,9,217.5607,35,2505245
157,Austin Seferian-Jenkins,TE,TB,6,74.0984,22,2543683
158,Michael Crabtree,WR,OAK,6,88.6303,27,71269
159,Victor Cruz,WR,NYG,11,88.5641,28,2507855
160,Sam Bradford,QB,PHI,8,215.2846,27,497095
161,Jace Amaro,TE,NYJ,5,72.1594,23,2543481
162,Marqise Lee,WR,JAC,8,87.237,23,2543475
163,Fred Jackson,RB,BUF,8,95.9977,34,2506871
164,Tre Mason,RB,STL,6,95.6751,21,2543502
165,Shaun Suisham,K,PIT,11,140.3823,33,2506149
166,Bishop Sankey,RB,TEN,4,95.2622,22,2543682
167,Ryan Mathews,RB,PHI,8,94.9874,27,497188
168,Matt Bryant,K,ATL,10,139.7684,40,2504797
169,Davante Adams,WR,GB,7,86.0377,22,2543495
170,Marvin Jones,WR,CIN,7,85.5182,25,2532884
171,Andy Dalton,QB,CIN,7,212.4559,27,2495143
172,Marcus Mariota,QB,TEN,4,211.9416,21,2552466
173,Mychal Rivera,TE,OAK,6,67.1866,24,2539995
174,Eric Ebron,TE,DET,9,66.4042,22,2543466
175,Devin Funchess,WR,CAR,5,81.6097,21,2552458
176,Doug Martin,RB,TB,6,89.0772,26,2532899
177,Knile Davis,RB,KC,9,88.9025,23,2540178
178,Danny Woodhead,RB,SD,10,88.8224,30,4327
179,Terrance West,RB,CLE,11,88.3544,24,2543664
180,David Johnson,RB,ARI,9,88.3188,23,2553435
181,Caleb Sturgis,K,MIA,5,132.7176,25,2539637
182,Randy Bullock,K,HOU,9,132.6914,25,2533444
183,Phil Dawson,K,SF,10,132.5465,40,2500351
184,Darren Sproles,RB,PHI,8,87.4057,32,2506467
185,Andre Williams,RB,NYG,11,86.8317,22,2543565
186,Cody Latimer,WR,DEN,7,76.7762,22,2543590
187,Jaelen Strong,WR,HOU,9,76.2872,21,2552463
188,Donte Moncrief,WR,IND,10,76.0201,21,2543614
189,Dan Carpenter,K,BUF,8,129.5082,29,2507401
190,Andrew Hawkins,WR,CLE,11,75.5518,29,2508097
191,Matt Prater,K,DET,9,128.9623,30,2506677
192,Nick Novak,K,SD,10,128.9592,33,2506194
193,Blair Walsh,K,MIN,5,128.8148,25,2532968
194,Richard Rodgers,TE,GB,7,59.6497,23,2550313
195,Cecil Shorts,WR,HOU,9,74.7806,27,2495341
196,Brian Hartline,WR,CLE,11,74.7153,28,81831
197,Markus Wheaton,WR,PIT,11,74.6675,24,2539291
198,Josh Brown,K,NYG,11,127.8566,36,2505459
199,Cole Beasley,WR,DAL,6,73.5758,26,2535698
200,Graham Gano,K,CAR,5,126.9219,28,71309
201,Mike Nugent,K,CIN,7,126.9214,33,2506386
202,Derek Carr,QB,OAK,6,199.8457,24,2543499
203,Dorial Green-Beckham,WR,TEN,4,72.0068,22,2552491
204,Allen Hurns,WR,JAC,8,71.7528,23,2550353
205,Steve Johnson,WR,SD,10,71.2716,28,768
206,Nick Folk,K,NYJ,5,124.6465,30,2507225
207,Cairo Santos,K,KC,9,124.3369,23,2550636
208,Ladarius Green,TE,SD,10,55.1206,25,2532853
209,Robert Griffin,QB,WAS,8,198.0348,25,2533033
210,Greg Zuerlein,K,STL,6,123.6739,27,2534797
211,Chandler Catanzaro,K,ARI,9,123.6506,24,2550325
212,Nick Toon,WR,NO,11,69.5651,26,2532960
213,Greg Jennings,WR,MIA,5,69.4713,31,2495867
214,Roy Helu,RB,OAK,6,77.4174,26,2495161
215,Stevan Ridley,RB,NYJ,5,77.1348,26,2495470
216,Stedman Bailey,WR,STL,6,68.0577,24,2540157
217,Dustin Hopkins,K,NO,11,121.2214,24,2539227
218,Nick Foles,QB,STL,6,195.2557,26,2532842
219,Blake Bortles,QB,JAC,8,195.0281,23,2543477
220,Rob Housler,TE,CLE,11,51.8421,27,2508112
221,Reggie Bush,RB,SF,10,75.4361,30,2506874
222,Jermaine Kearse,WR,SEA,9,66.4499,25,2532887
223,Tavon Austin,WR,STL,6,66.1309,24,2539336
224,Jarius Wright,WR,MIN,5,65.7412,25,2532978
225,Justin Hunter,WR,TEN,4,65.2666,24,2540151
226,Jay Ajayi,RB,MIA,5,73.6185,22,2552582
227,Kai Forbath,K,WAS,8,117.3512,27,2495150
228,Lance Kendricks,TE,STL,6,47.9874,27,2495187
229,Montee Ball,RB,DEN,7,71.9336,24,2539341
230,Mohamed Sanu,WR,CIN,7,63.0445,25,2533040
231,David Cobb,RB,TEN,4,71.8128,22,2552376
232,Denard Robinson,RB,JAC,8,71.7985,24,2539260
233,Brent Celek,TE,PHI,8,47.1365,30,2507218
234,Alfred Blue,RB,HOU,9,70.6777,24,2543600
235,Andrew Quarless,TE,GB,7,46.2328,26,497258
236,Cordarrelle Patterson,WR,MIN,5,61.4142,24,2540145
237,DeAngelo Williams,RB,PIT,11,70.1571,32,2495979
238,Niles Paul,TE,WAS,8,45.8761,25,2495211
239,Robert Woods,WR,BUF,8,61.1233,23,2540169
240,Jacob Tamme,TE,ATL,10,45.5332,30,324
241,Sebastian Janikowski,K,OAK,6,114.3381,37,2504257
242,Garrett Graham,TE,HOU,9,45.2741,28,497234
243,Patrick Murray,K,TB,6,113.6626,24,2543533
244,Dan Herron,RB,IND,10,68.8158,26,2532864
245,Javorius Allen,RB,BAL,9,68.7089,23,2552631
246,Tyler Lockett,WR,SEA,9,58.5021,22,2552430
247,Eddie Royal,WR,CHI,7,57.2016,29,1990
248,Theo Riddick,RB,DET,9,65.5049,24,2540020
249,Travis Coons,K,CLE,11,109.9667,23,2550551
250,Andre Roberts,WR,WAS,8,55.9019,27,497320
251,Phillip Dorsett,WR,IND,10,55.7586,22,2552424
252,James Starks,RB,GB,7,64.4397,29,497206
253,Albert Wilson,WR,KC,9,54.7309,22,2550272
254,Josh Scobee,K,JAC,8,108.2798,33,2506063
255,Lorenzo Taliaferro,RB,BAL,9,62.9852,23,2543704
256,Duke Johnson,RB,CLE,11,62.067,21,2552461
257,Danny Amendola,WR,NE,4,52.9332,29,2649
258,Troy Niklas,TE,ARI,9,37.5164,22,2543628
259,Devin Hester,WR,ATL,10,52.4325,32,2506897
260,Virgil Green,TE,DEN,7,37.0811,26,2495288
261,Rod Streater,WR,OAK,6,52.0318,27,2535869
262,Benjamin Watson,TE,NO,11,36.718,34,2506122
263,Riley Cooper,WR,PHI,8,51.5846,27,497282
264,Taylor Gabriel,WR,CLE,11,51.4108,24,2550617
265,Harry Douglas,WR,TEN,4,51.2304,30,222
266,Justin Hardy,WR,ATL,10,51.2111,23,2552418
267,Ronnie Hillman,RB,DEN,7,59.8142,23,2533437
268,Nate Washington,WR,HOU,9,50.5786,31,2506313
269,Ryan Succop,K,TEN,4,103.8467,28,89802
270,Carolina Panthers,DEF,CAR,5,124.3325,-1,100004
271,Jerick McKinnon,RB,MIN,5,58.8331,23,2543715
272,Josh Huff,WR,PHI,8,49.1172,23,2543746
273,Matt Jones,RB,WAS,8,57.8593,22,2552635
274,Gavin Escobar,TE,DAL,6,33.5592,24,2540211
275,Philadelphia Eagles,DEF,PHI,8,122.8423,-1,100025
276,Darren Fells,TE,ARI,9,33.2078,29,2540928
277,Jeff Cumberland,TE,NYJ,5,32.967,28,2507883
278,Dion Sims,TE,MIA,5,32.8563,24,2540200
279,Jerricho Cotchery,WR,CAR,5,48.0758,33,2506004
280,Benny Cunningham,RB,STL,6,56.8854,24,2541544
281,Marcedes Lewis,TE,JAC,8,32.1079,31,2495888
282,Scott Chandler,TE,NE,4,32.0242,29,2495573
283,Andre Holmes,WR,OAK,6,46.9966,27,2495453
284,Khiry Robinson,RB,NO,11,55.3886,25,2542022
285,Dennis Pitta,TE,BAL,9,31.0995,30,497254
286,Chris Conley,WR,KC,9,46.2155,22,2552652
287,Branden Oliver,RB,SD,10,54.8541,24,2550658
288,Levine Toilolo,TE,ATL,10,30.1862,23,2540203
289,Kamar Aiken,WR,BAL,9,45.3261,26,2530660
290,Luke Willson,TE,SEA,9,29.7915,25,2541199
291,Marlon Brown,WR,BAL,9,44.9066,24,2540005
292,Green Bay Packers,DEF,GB,7,118.9237,-1,100011
293,Devin Smith,WR,NYJ,5,44.3309,23,2553434
294,Crockett Gillmore,TE,BAL,9,27.5616,23,2543794
295,Robbie Gould,K,CHI,7,96.0386,32,2506264
296,Jeremy Kerley,WR,NYJ,5,42.403,26,2495189
297,Tim Wright,TE,NE,4,26.9297,25,2541768
298,Jermaine Gresham,TE,CIN,7,26.0852,27,497238
299,Bobby Rainey,RB,TB,6,49.9967,27,2534571
300,Robert Turbin,RB,SEA,9,49.9477,25,2533460
301,DeAnthony Thomas,WR,KC,9,49.8549,22,2543638
302,Daniel Fells,TE,NYG,11,24.8224,31,2506619
303,James White,RB,NE,4,48.8236,23,2543773
304,Denver Broncos,DEF,DEN,7,113.4971,-1,100009
305,Antone Smith,RB,ATL,10,48.0556,29,89798
306,James Jones,WR,OAK,6,39.1526,31,2507183
307,Jonas Gray,RB,NE,4,47.1167,25,2533030
308,Cleveland Browns,DEF,CLE,11,112.1457,-1,100007
309,Trent Richardson,RB,OAK,6,46.8135,23,2533032
310,Lance Dunbar,RB,DAL,6,46.5967,25,2535708
311,Philly Brown,WR,CAR,5,37.7124,23,2550546
312,Cincinnati Bengals,DEF,CIN,7,111.4307,-1,100006
313,Clive Walford,TE,OAK,6,21.7886,23,2552397
314,Jameis Winston,QB,TB,6,164.5341,21,2552033
315,Ed Dickson,TE,CAR,5,21.3586,27,497224
316,Anthony Fasano,TE,TEN,4,20.7587,31,2495835
317,Louis Murphy,WR,TB,6,35.8383,28,80670
318,Dallas Cowboys,DEF,DAL,6,109.7492,-1,100008
319,Brandon Lloyd,WR,SF,10,35.4,33,2505600
320,Brandon Myers,TE,TB,6,20.0335,29,89766
321,Miami Dolphins,DEF,MIA,5,109.3584,-1,100019
322,San Francisco 49ers,DEF,SF,10,109.1197,-1,100029
323,Tampa Bay Buccaneers,DEF,TB,6,109.0443,-1,100031
324,Indianapolis Colts,DEF,IND,10,108.4623,-1,100014
325,Joseph Fauria,TE,DET,9,18.8063,25,2539327
326,Sammie Coates,WR,PIT,11,33.9328,22,2552470
327,Wes Welker,WR,DEN,7,33.5119,34,2505790
328,Steven Jackson,RB,ATL,10,42.0888,31,2505936
329,Matt Asiata,RB,MIN,5,41.8941,27,2495258
330,Knowshon Moreno,RB,MIA,5,41.7125,27,79619
331,Tyler Kroft,TE,CIN,7,17.5456,22,2552586
332,Dexter McCluster,RB,TEN,4,41.525,26,497190
333,Jacksonville Jaguars,DEF,JAC,8,106.8145,-1,100015
334,Zach Miller,TE,SEA,9,17.2024,29,2507170
335,Bruce Ellington,WR,SF,10,32.4883,23,2543646
336,Travaris Cadet,RB,NE,4,41.2808,26,2535890
337,New York Giants,DEF,NYG,11,106.5264,-1,100023
338,New York Jets,DEF,NYJ,5,106.5208,-1,100024
339,Chase Ford,TE,MIN,5,16.5375,24,2534244
340,C.J. Fiedorowicz,TE,HOU,9,16.2461,23,2543721
341,Rhett Ellison,TE,MIN,5,15.9885,26,2532835
342,Joseph Morgan,WR,NO,11,31.2597,27,2530720
343,Jim Dray,TE,CLE,11,15.886,28,497226
344,Ryan Griffin,TE,HOU,9,15.7692,25,2541316
345,Cooper Helfet,TE,SEA,9,15.3805,26,2536071
346,Chris Johnson,RB,NYJ,5,39.41,29,262
347,Tony Moeaki,TE,ATL,10,15.1993,28,497256
348,Mike Tolbert,RB,CAR,5,39.2892,29,2507428
349,Vince Mayle,WR,CLE,11,29.99,24,2552431
350,Demetrius Harris,TE,KC,9,14.561,23,2541187
351,Preston Parker,WR,NYG,11,29.8172,28,497312
352,MyCole Pruitt,TE,MIN,5,14.3291,23,2552401
353,Reggie Wayne,WR,IND,10,29.4919,36,2504747
354,James Casey,TE,DEN,7,14.0863,30,71247
355,Dri Archer,RB,PIT,11,29.33,23,2543596
356,Brandon Pettigrew,TE,DET,9,13.9873,30,71431
357,Gary Barnidge,TE,CLE,11,13.8067,29,1060
358,Zac Stacy,RB,NYJ,5,37.467,24,2540273
359,Travis Benjamin,WR,CLE,11,28.4388,25,2532790
360,Logan Paulsen,TE,WAS,8,12.7617,28,2507828
361,Jaron Brown,WR,ARI,9,27.9559,25,2541966
362,Paul Richardson,WR,SEA,9,27.9194,23,2543491
363,Chicago Bears,DEF,CHI,7,101.9878,-1,100005
364,Jack Doyle,TE,IND,10,12.4982,25,2540232
365,Jeremy Ross,WR,DET,9,27.6252,27,2530598
366,Minnesota Vikings,DEF,MIN,5,101.1902,-1,100020
367,Quinton Patton,WR,SF,10,26.9336,24,2539250
368,T.J. Jones,WR,DET,9,26.6,22,2543836
369,Pierre Thomas,RB,NO,11,35.4207,30,2507141
370,Fozzy Whittaker,RB,CAR,5,35.3883,26,2540037
371,Bilal Powell,RB,NYJ,5,35.3878,26,2495328
372,Justin Blackmon,WR,JAC,8,26.528,25,2533038
373,Vance McDonald,TE,SF,10,10.6781,25,2540215
374,Chris Gragg,TE,BUF,8,10.6513,25,2539202
375,Dante Rosario,TE,CHI,7,10.6493,30,2495724
376,Clay Harbor,TE,JAC,8,10.2851,27,497242
377,Atlanta Falcons,DEF,ATL,10,99.6492,-1,100001
378,Hakeem Nicks,WR,TEN,4,25.4015,27,80672
379,Marquess Wilson,WR,CHI,7,25.3497,22,2540177
380,Toby Gerhart,RB,JAC,8,33.6569,28,497176
381,Corey Fuller,WR,DET,9,24.5663,25,2540261
382,KaDeem Carey,RB,CHI,7,33.353,22,2543551
383,Christine Michael,RB,SEA,9,33.2158,24,2539322
384,Matt Spaeth,TE,PIT,11,8.9968,30,2507182
385,Damien Williams,RB,MIA,5,33.0653,23,2550512
386,Pittsburgh Steelers,DEF,PIT,11,98.1772,-1,100027
387,Jesse James,TE,PIT,11,8.5905,21,2552633
388,Ahmad Bradshaw,RB,IND,10,32.6957,29,2495560
389,James OShaughnessy,TE,KC,9,8.3902,23,2553318
390,Marcel Reece,RB,OAK,6,32.0605,30,4433
391,Ray Rice,RB,BAL,9,31.9226,28,941
392,Cameron Artis-Payne,RB,CAR,5,31.7399,23,2552375
393,Zach Sudfeld,TE,NYJ,5,7.5405,26,2541151
394,Jacquizz Rodgers,RB,CHI,7,31.4858,25,2495471
395,Tennessee Titans,DEF,TEN,4,96.5011,-1,100012
396,New Orleans Saints,DEF,NO,11,96.4721,-1,100022
397,Michael Campanaro,WR,BAL,9,22.3036,24,2550163
398,Chris Hogan,WR,BUF,8,22.2127,26,2530515
399,Washington Redskins,DEF,WAS,8,96.3494,-1,100032
400,Kenny Bell,WR,TB,6,21.7554,23,2552421
401,Nick Boyle,TE,BAL,9,6.4392,22,2552402
402,Cory Harkey,TE,STL,6,6.0763,25,2533353
403,Chris Polk,RB,HOU,9,30.1464,25,2533037
404,Lee Smith,TE,OAK,6,5.6741,27,2495347
405,Ryan Hewitt,TE,CIN,7,5.5783,24,2550206
406,Jay Feely,K,CHI,7,74.3777,39,2504343
407,Malcolm Johnson,TE,CLE,11,5.4521,22,2553446
408,Blake Bell,TE,SF,10,5.2498,23,2552478
409,James Hanna,TE,DAL,6,5.2459,25,2533028
410,Adrien Robinson,TE,NYG,11,4.9654,26,2534752
411,Derek Carrier,TE,SF,10,4.8671,24,2534241
412,MarQueis Gray,TE,BUF,8,4.8114,24,2540259
413,Bear Pascoe,TE,CHI,7,4.5979,29,79625
414,Jeff Heuerman,TE,DEN,7,4.5403,22,2552399
415,Rory Anderson,TE,SF,10,4.4181,22,2553465
416,Damaris Johnson,WR,HOU,9,19.6676,25,2536031
417,Ben Koyack,TE,JAC,8,4.3241,22,2552396
418,Taylor Thompson,TE,TEN,4,4.2207,25,2534742
419,Brandon Bolden,RB,NE,4,28.2313,25,2532797
420,Brandon Gibson,WR,NE,4,19.3487,27,81288
421,Brandon Williams,TE,CAR,5,3.8771,26,2539645
422,Gerald Christian,TE,ARI,9,3.772,23,2552462
423,Orson Charles,TE,NO,11,3.7133,24,2533047
424,John Phillips,TE,SD,10,3.4853,28,71435
425,Geoff Swaim,TE,DAL,6,3.3371,24,2553454
426,Luke Stocker,TE,TB,6,3.3059,26,2495234
427,Brian Leonhardt,TE,OAK,6,3.3007,25,2541512
428,Nick OLeary,TE,BUF,8,3.1961,22,2552403
429,Stepfan Taylor,RB,ARI,9,27.0826,24,2539315
430,San Diego Chargers,DEF,SD,10,92.3008,-1,100028
431,Donald Brown,RB,SD,10,26.8837,28,2507779
432,Michael Hoomanawanui,TE,NE,4,2.6177,26,497246
433,Garrett Celek,TE,SF,10,2.613,27,2534820
434,Ryan Williams,RB,DAL,6,26.5709,25,2495474
435,Aaron Dobson,WR,NE,4,17.7225,23,2539256
436,Craig Stevens,TE,TEN,4,2.4047,30,1992
437,Brandon Coleman,WR,NO,11,17.6448,23,2550328
438,Justice Cunningham,TE,STL,6,2.2444,24,2540257
439,Ricardo Lockette,WR,SEA,9,17.4439,29,2495306
440,C.J. Uzomah,TE,CIN,7,2.075,22,2552559
441,Ty Montgomery,WR,GB,7,17.3337,22,2552429
442,Randall Telfer,TE,CLE,11,1.88,23,2552660
443,Arthur Lynch,TE,MIA,5,1.7412,25,2543714
444,Joe Don Duncan,RB,DEN,7,1.6948,24,2553191
445,Kennard Backman,TE,GB,7,1.692,22,2553292
446,Brice Butler,WR,OAK,6,16.9445,25,2541388
447,Trey Burton,TE,PHI,8,1.5701,23,2550284
448,Anthony McCoy,TE,SEA,9,1.5373,27,497250
449,Kevin Brock,TE,CIN,7,1.4875,29,89688
450,Jonathan Grimes,RB,HOU,9,25.5163,25,2534770
451,Jarrett Boykin,WR,CAR,5,16.5377,25,2532799
452,Zach Miller,TE,CHI,7,1.2224,30,238457
453,Kellen Davis,TE,NYJ,5,1.1532,29,2507486
454,DeAndre Smelter,WR,SF,10,16.395,23,2552627
455,A.J. Derby,TE,NE,4,1.081,23,2552580
456,Nick Kasa,TE,OAK,6,1.043,24,2540233
457,Richard Gordon,TE,KC,9,0.9142,28,2499255
458,Brandon Bostick,TE,MIN,5,0.8763,26,2536342
459,Fred Davis,TE,NE,4,0.7618,29,216
460,Dominique Jones,TE,DEN,7,0.6289,26,2535724
461,David Johnson,TE,SD,10,0.5461,27,79589
462,Miles Austin,WR,PHI,8,15.6957,31,2495801
463,Marcel Jensen,TE,DEN,7,0.3216,25,2550356
464,Rob Blanchflower,TE,PIT,11,0.2692,25,2543728
465,Eric Weems,WR,ATL,10,15.4507,29,2507029
466,Austin Pettis,WR,SD,10,15.4341,27,2495212
467,Justin Perillo,TE,GB,7,0.0614,24,2550243
468,Ace Sanders,WR,JAC,8,15.3569,23,2540267
469,Leonard Hankerson,WR,ATL,10,15.3451,27,2495158
470,Jordan Todman,RB,CAR,5,24.0561,25,2495472
471,Jeremy Langford,RB,CHI,7,23.6796,23,2552379
472,Jeff Janis,WR,GB,7,14.7445,24,2543750
473,Devin Street,WR,DAL,6,14.5652,24,2543641
474,Anthony Dixon,RB,BUF,8,23.1156,27,497172
475,Chris Givens,WR,STL,6,14.2071,25,2535634
476,Jason Avant,WR,KC,9,14.058,32,2495802
477,Corey Washington,WR,NYG,11,13.9545,23,2550413
478,Dontrelle Inman,WR,SD,10,13.846,26,2530700
479,Shonn Greene,RB,TEN,4,22.5867,29,79563
480,Dwayne Harris,WR,NYG,11,13.7651,27,2495159
481,Darrel Young,RB,WAS,8,22.583,28,2507737
482,Garrett Hartley,K,CLE,11,67.3117,29,4381
483,Oakland Raiders,DEF,OAK,6,87.5058,-1,100018
484,Denarius Moore,WR,CIN,7,13.3008,26,2495315
485,Rishard Matthews,WR,MIA,5,13.0028,25,2532903
486,Jamison Crowder,WR,WAS,8,12.8641,22,2552415
487,Ted Ginn,WR,CAR,5,12.7451,30,2507166
488,Jerome Simpson,WR,SF,10,12.692,29,318
489,Kerwynn Williams,RB,ARI,9,21.5032,24,2539980
490,Jacoby Jones,WR,SD,10,12.6036,30,2495651
491,Silas Redd,RB,WAS,8,21.2435,23,2550529
492,J.J. Nelson,WR,ARI,9,11.9517,23,2552656
493,Josh Robinson,RB,IND,10,20.4561,22,2553462
494,Kendall Hunter,RB,SF,10,20.2949,26,2495172
495,Dion Lewis,RB,NE,4,20.2332,24,2495469
496,Jerrel Jernigan,WR,NYG,11,11.1863,26,2495179
497,Andre Caldwell,WR,DEN,7,10.9338,30,206
498,Marquise Goodwin,WR,BUF,8,10.795,24,2539964
499,Chris Matthews,WR,SEA,9,10.7374,25,2531049
500,Brandon Tate,WR,CIN,7,10.683,27,81306
501,Derek Hagan,WR,TEN,4,10.6223,30,2495843
502,DaRick Rogers,WR,KC,9,10.4947,24,2540179
503,Griff Whalen,WR,IND,10,10.3872,25,2535876
504,Damian Williams,WR,STL,6,10.2805,27,497336
505,Daniel Thomas,RB,MIA,5,18.8,27,2495241
506,Stefon Diggs,WR,MIN,5,9.636,21,2552608
507,Duron Carter,WR,IND,10,9.6046,24,2552616
508,Rashad Greene,WR,JAC,8,9.2984,22,2552425
509,Santana Moss,WR,WAS,8,9,36,2504743
510,Darren Waller,WR,BAL,9,8.8102,22,2552408
511,Lance Moore,WR,DET,9,8.559,31,2506287
512,Kenbrell Thompkins,WR,OAK,6,8.5236,26,2539214
513,Tyler Gaffney,RB,NE,4,17.3319,24,2543655
514,Dri Archer,RB,PIT,11,17.3191,23,2543596
515,Brenton Bersin,WR,CAR,5,8.379,25,2535966
516,T.J. Graham,WR,NYJ,5,8.323,25,2532850
517,Mike Davis,RB,SF,10,17.1287,22,2553439
518,Jared Abbrederis,WR,GB,7,8.0878,24,2543774
519,Seantavius Jones,WR,NO,11,7.5,22,2550359
520,Junior Hemingway,WR,KC,9,7.1977,26,2532862
521,Ben Tate,RB,PIT,11,15.745,26,497208
522,Robert Herron,WR,TB,6,6.8666,23,2543777
523,Kyle Juszczyk,RB,BAL,9,15.6681,24,2540230
524,Adam Thielen,WR,MIN,5,6.8425,24,2541785
525,Jalen Saunders,WR,NO,11,6.6872,22,2543745
526,Ryan Grant,WR,WAS,8,6.6561,24,2543759
527,Josh Morgan,WR,NO,11,6.5761,30,832
528,Geno Smith,QB,NYJ,5,134.3541,24,2539335
529,Vincent Brown,WR,IND,10,6.3904,26,2508115
530,Juwan Thompson,RB,DEN,7,15.1309,23,2550263
531,Chris Owusu,WR,NYJ,5,6.2762,25,2532923
532,Evan Spencer,WR,WAS,8,6.1102,22,2553289
532,Donnie Avery,WR,KC,9,6.1102,31,184
534,Josh Boyce,WR,NE,4,6.0252,25,2540181
535,Peyton Hillis,RB,NYG,11,14.8,29,1980
536,John Kuhn,RB,GB,7,14.6787,32,2506147
537,Kris Durham,WR,OAK,6,5.789,27,2499248
538,Ifeanyi Momah,WR,ARI,9,5.5,25,2541096
539,Karlos Williams,RB,BUF,8,14.2353,22,2552380
540,James Wright,WR,CIN,7,5.4067,23,2550162
541,Keshawn Martin,WR,HOU,9,5.3197,25,2532900
542,Zurlon Tipton,RB,IND,10,14.1239,25,2550407
543,Kevin Norwood,WR,SEA,9,5.1822,25,2543689
544,Ryan Broyles,WR,DET,9,4.9034,27,2532807
545,Bernard Pierce,RB,JAC,8,13.5975,24,2533545
546,Tre McBride,WR,TEN,4,4.7667,22,2552428
547,Josh Bellamy,WR,CHI,7,4.5933,26,2535964
548,Keith Mumphery,WR,HOU,9,4.4181,23,2552420
549,Brittan Golden,WR,ARI,9,4.2416,26,2535988
550,Mario Alford,WR,CIN,7,4.0891,24,2552650
551,Brian Tyms,WR,NE,4,4.087,26,2535522
552,Rex Burkhead,RB,CIN,7,12.9013,24,2539265
553,Bruce Miller,RB,SF,10,12.8742,27,2495314
554,Neal Sterling,WR,JAC,8,3.9481,23,2553451
555,Robert Meachem,WR,NO,11,3.7131,30,2495676
556,Geremy Davis,WR,NYG,11,3.6661,23,2552654
557,Antonio Andrews,RB,TEN,4,12.4792,22,2550474
558,LaRon Byrd,WR,MIA,5,3.512,25,2532809
559,Darrius Heyward-Bey,WR,PIT,11,3.4556,28,80427
560,Kaelin Clay,WR,TB,6,3.2431,23,2552651
561,DeVier Posey,WR,NYJ,5,3.2172,25,2532930
562,Jeff Maehl,WR,PHI,8,3.1788,26,2530713
563,A.J. Jenkins,WR,DAL,6,3.0501,24,2532876
564,Andre Debose,WR,OAK,6,2.9141,24,2553453
565,Jordan Norwood,WR,DEN,7,2.8714,28,71417
566,Aldrick Robinson,WR,BAL,9,2.7076,26,2495331
567,Frankie Hammond,WR,KC,9,2.615,45,2541828
568,Myles White,WR,GB,7,2.503,25,2541905
569,Marlon Moore,WR,CLE,11,2.4597,27,2507902
570,Marcus Harris,WR,NYG,11,2.44,26,2530959
571,Bryce Brown,RB,BUF,8,11.1943,24,2534796
572,Marc Mariani,WR,CHI,7,2.3718,28,1037885
573,Bud Sasser,WR,STL,6,2.3501,23,2553352
574,Marion Grice,RB,ARI,9,10.8398,22,2543690
575,Storm Johnson,RB,JAC,8,10.7813,22,2543570
576,Isaiah Burse,WR,DEN,7,1.9404,23,2550182
577,Vick Ballard,RB,IND,10,10.3753,24,2533012
578,Josh Harris,RB,PIT,11,10.3384,24,2551247
579,Seyi Ajirotutu,WR,PHI,8,1.3153,28,497260
580,Chris Thompson,RB,WAS,8,9.9492,24,2540011
581,Fitzgerald Toussaint,RB,BAL,9,9.6747,25,2550738
582,Russell Shepard,WR,TB,6,0.8515,24,2541944
583,Gerell Robinson,TE,MIA,5,0.5,25,2532941
584,Erik Lorig,RB,NO,11,9.2464,28,496812
585,Stephen Hill,WR,CAR,5,0.4193,24,2533537
586,Isaiah Pead,RB,STL,6,9.2108,25,2532926
587,Skye Dawson,WR,DET,9,0.3681,24,2541616
588,Mike Brown,WR,CAR,5,0.3669,26,2535882
589,Jacoby Ford,WR,TEN,4,0.2352,27,497288
590,Solomon Patton,WR,DEN,7,0.0051,24,2550500
591,Anthony Sherman,RB,KC,9,8.5387,26,2495340
592,Jalston Fowler,RB,TEN,4,8.4891,22,2552464
593,Darrin Reaves,RB,CAR,5,8.2162,22,2550596
594,LaMichael James,RB,MIA,5,8.0002,25,2533036
595,DuJuan Harris,RB,MIN,5,7.9235,26,2530690
596,Shayne Graham,K,NO,11,52.6414,37,2504162
597,Ronnie Brown,RB,SD,10,7.8,33,2506341
598,Mike James,RB,TB,6,7.7562,24,2540224
599,Joe Banyard,RB,MIN,5,7.5962,26,2535696
600,Edwin Baker,RB,NO,11,7.2516,24,2533540
601,Patrick DiMarco,RB,ATL,10,7.1322,26,2530763
602,Jed Collins,RB,DAL,6,6.9656,29,4231
603,Mike Gillislee,RB,MIA,5,6.9239,24,2539663
604,Cyrus Gray,RB,KC,9,6.6904,25,2532851
605,Robert Hughes,RB,ARI,9,6.6772,26,2530516
606,Rajion Neal,RB,GB,7,6.675,23,2550233
607,Cedric Peerman,RB,CIN,7,5.7538,28,79629
608,Josh McCown,QB,CLE,11,124.1627,35,2505076
609,Jerome Smith,RB,ATL,10,4.9344,24,2550255
610,Tyler Clutts,RB,DAL,6,4.9151,30,2508096
611,Charcandrick West,RB,KC,9,4.7658,24,2550268
612,Will Johnson,RB,PIT,11,4.6866,25,163982
613,George Winn,RB,DET,9,4.6295,24,2541910
614,Derrick Coleman,RB,SEA,9,4.274,24,2534871
615,Shaun Draughn,RB,CLE,11,4.2364,27,2495461
616,James Develin,RB,NE,4,4.0127,26,2508101
617,Henry Hynoski,RB,NYG,11,3.6478,26,2530699
618,Trey Watts,RB,STL,6,3.4694,24,2550448
619,Orleans Darkwa,RB,NYG,11,3.1654,23,2550481
620,Marcus Murphy,RB,NO,11,3.1467,23,2552647
621,Tommy Bohanon,RB,NYJ,5,3.1208,24,2540225
622,Matthew Tucker,RB,PHI,8,3.0184,24,2540274
623,Austin Johnson,RB,NO,11,2.6843,26,2534437
624,Jorvorskie Lane,RB,TB,6,2.5282,28,2536532
625,Jerome Felton,RB,BUF,8,2.1376,28,230
626,Kenny Hilliard,RB,HOU,9,2.0681,23,2552476
627,Michael Burton,RB,DET,9,1.9208,23,2552636
628,Jeremy Stewart,RB,DEN,7,1.8862,26,2536056
629,Alfonso Smith,RB,SF,10,1.73,28,2507897
630,Jay Prosch,RB,HOU,9,1.5719,22,2543695
631,Jamize Olawale,RB,OAK,6,1.2224,26,2536044
632,Tim Hightower,RB,NO,11,1.1532,29,4383
633,Daryl Richardson,RB,NYJ,5,1.0442,25,2534789
634,Thomas Rawls,RB,SEA,9,0.9759,21,2553733
635,Lache Seastrunk,RB,DAL,6,0.8076,23,2543559
636,Chase Reynolds,RB,STL,6,0.8068,27,2531218
637,Aaron Ripkowski,RB,GB,7,0.7456,23,2552477
638,James Wilder,RB,CIN,7,0.5461,23,2550271
639,Senorise Perry,RB,CHI,7,0.5384,23,2550633
640,John Crockett,RB,GB,7,0.4032,23,2553511
641,Zach Zenner,RB,DET,9,0.2556,23,2553631
642,Kenjon Barner,RB,PHI,8,0.0051,26,2539289
643,Ryan Mallett,QB,HOU,9,118.9354,27,2495443
644,Matt Cassel,QB,BUF,8,106.6399,33,2506562
645,Ryan Fitzpatrick,QB,NYJ,5,85.3461,32,2506581
646,Brandon McManus,K,DEN,7,7.0502,23,2541556
647,EJ Manuel,QB,BUF,8,77.2881,25,2539228
648,Brian Hoyer,QB,HOU,9,75.6024,29,81294
649,Jimmy Garoppolo,QB,NE,4,45.6468,23,2543801
650,Johnny Manziel,QB,CLE,11,42.6974,22,2543462
651,Mark Sanchez,QB,PHI,8,40.7319,28,79858
652,Tyrod Taylor,QB,BUF,8,27.4447,25,2495240
653,Zach Mettenberger,QB,TEN,4,23.0957,23,2543605
654,Kirk Cousins,QB,WAS,8,22.2176,26,2532820
655,Drew Stanton,QB,ARI,9,21.0481,31,2495748
656,Chad Henne,QB,JAC,8,17.5954,29,252
657,Colt McCoy,QB,WAS,8,17.3655,28,497123
658,Mike Glennon,QB,TB,6,17.3074,25,2539275
659,Michael Vick,QB,NYJ,5,15.3224,35,2504531
660,Brandon Weeden,QB,DAL,6,13.4582,31,2532970
661,Austin Davis,QB,STL,6,12.6396,26,2533349
662,Charlie Whitehurst,QB,TEN,4,11.4152,32,2495974
663,Shaun Hill,QB,MIN,5,10.6242,35,2504833
664,Case Keenum,QB,STL,6,10.3782,27,2532888
665,Bryce Petty,QB,NYJ,5,10.1053,24,2552369
666,Jimmy Clausen,QB,CHI,7,9.5917,26,497108
667,Tim Tebow,QB,PHI,8,9.5882,27,497135
668,Matt Hasselbeck,QB,IND,10,9.2822,39,2501078
669,Matt McGloin,QB,OAK,6,8.2924,25,2542065
670,Blaine Gabbert,QB,SF,10,8.1689,25,2495441
671,Brock Osweiler,QB,DEN,7,8.0547,24,2533436
672,Derek Anderson,QB,CAR,5,7.9672,32,2506546
673,Scott Tolzien,QB,GB,7,7.0937,27,2495425
674,Tom Savage,QB,HOU,9,6.9663,25,2543640
675,Thad Lewis,QB,CLE,11,6.335,27,497121
676,Chase Daniel,QB,KC,9,6.0905,28,81284
677,Garrett Grayson,QB,NO,11,5.988,24,2552371
678,Matt Barkley,QB,PHI,8,4.7684,24,2539308
679,Kellen Clemens,QB,SD,10,4.7572,32,2506895
680,Bruce Gradkowski,QB,PIT,11,4.3549,32,2495838
681,Christian Ponder,QB,OAK,6,4.1303,27,2495215
682,Ryan Nassib,QB,NYG,11,4.0226,25,2539961
683,Tarvaris Jackson,QB,SEA,9,3.3152,32,2495863
684,B.J. Daniels,WR,SEA,9,3.1992,25,2541429
685,Matt Schaub,QB,BAL,9,2.9881,34,2505982
686,T.J. Yates,QB,ATL,10,2.8858,28,2508123
687,Sean Mannion,QB,STL,6,2.5569,23,2552576
688,Logan Thomas,QB,ARI,9,2.4306,24,2543767
689,Brett Hundley,QB,GB,7,2.2561,22,2552588
690,Dan Orlovsky,QB,DET,9,2.1332,31,2506481
691,Matt Moore,QB,MIA,5,1.9804,30,2507282
692,Matt Flynn,QB,GB,7,1.6403,30,367
693,Luke McCown,QB,NO,11,1.1725,33,2506053
694,R.J. Archer,QB,SEA,9,0.802,27,2508608
695,Garrett Gilbert,QB,NE,4,0.3576,24,2549982
696,Connor Shaw,QB,CLE,11,0.1462,23,2550252
697,Matt Simms,QB,BUF,8,0.1125,26,2534889
